Campaign,Ad Group,Final URL,Headline 1,Headline 2,Headline 3,Headline 4,Headline 5,Headline 6,Headline 7,Headline 8,Headline 9,Headline 10,Headline 11,Headline 12,Headline 13,Headline 14,Headline 15,Description 1,Description 2,Description 3,Description 4,Path 1,Path 2,Status
TBX | Search | Joyas Coronas | LATAM,Planificación proyectos,https://taimbox.com/planificador-recursos?utm_source=google&utm_medium=cpc&utm_campaign=joyas-coronas&utm_content=planificacion,Planificación Para Agencias,No Es Un CRM Ni Un ERP,Vista Semanal Del Equipo,Detecta Sobrecargas A Tiempo,Prueba Gratis Sin Tarjeta,Taimbox Para Tu Agencia,Asigna Tareas Con Impacto,Control De Capacidad Real,Planificador Visual Semanal,Hecho Para Agencias B2B,Operaciones Sin Caos,Deadline Y Capacidad Juntos,Integraciones Google/Meta,Empieza En 2 Minutos,Planifica la capacidad de tu agencia en una vista semanal. Detecta cuellos de botella antes del burnout.,Taimbox no es un CRM: es el sistema operativo financiero basado en tiempo para equipos de 10-50 personas.,Cronómetro por tarea + planificador + rentabilidad por proyecto. Prueba gratis.,HubSpot te trae clientes. Taimbox asegura que sean rentables. Empieza hoy.,planificador,agencias,Enabled
TBX | Search | Joyas Coronas | LATAM,Gestión recursos agencia,https://taimbox.com/planificador-recursos?utm_source=google&utm_medium=cpc&utm_campaign=joyas-coronas&utm_content=recursos,Gestión De Recursos Agencia,Planificador Semanal Visual,No Confundir Con RRHH,Capacidad Real Del Equipo,Software Para Agencias,Taimbox — Prueba Gratis,Evita Over-Servicing,Vea Quién Tiene Bandwidth,Recursos Vs Demanda,Para COOs Y Delivery,10-50 Personas Ideal,Control Operativo Financiero,Asignación Con Margen,Early Adopter 50% Vida,Asigna recursos con visibilidad de capacidad y rentabilidad. Diseñado para agencias de servicios.,Gestiona recursos de proyecto y equipo — no nóminas ni RRHH. Planificador + informes en un solo sitio.,Ve quién está libre esta semana y el impacto financiero de cada asignación. Sin tarjeta para probar.,El complemento operativo que tu CRM no cubre. Activa tu prueba en minutos.,recursos,agencia,Enabled
TBX | Search | Joyas Coronas | LATAM,Control horas equipo,https://taimbox.com/planificador-recursos?utm_source=google&utm_medium=cpc&utm_campaign=joyas-coronas&utm_content=control-horas,Control De Horas Del Equipo,Cronómetro Por Tarea,Taimbox Para Agencias,Registro Horas Sin Fricción,Vista Tiempos En Vivo,No Es Solo Un Timer,Horas Ligadas A Proyectos,Prueba Gratis Sin Tarjeta,Software Control Horas,Para Equipos De Agencia,Para De Vender Horas A Ciegas,Planificador + Cronómetro,Control Del Tiempo Real,Informes De Utilización,Registra horas por tarea desde el planificador o Mi Día. Un cronómetro activo por persona.,Control de tiempo con contexto: proyecto cliente tarea y rentabilidad. Hecho para agencias B2B.,Ve en qué está cada miembro ahora mismo y para el cronómetro desde un panel.,Más que un timesheet: horas conectadas a capacidad y margen. Empieza gratis.,control,horas,Enabled
TBX | Search | Joyas Coronas | LATAM,Rentabilidad proyectos,https://taimbox.com/reportes-rentabilidad?utm_source=google&utm_medium=cpc&utm_campaign=joyas-coronas&utm_content=rentabilidad,Rentabilidad Por Proyecto,Margen Al Céntimo,Taimbox Para Agencias,Software Rentabilidad,No Es Contabilidad,Informes En Tiempo Real,Prueba Gratis Sin Tarjeta,CEO: Vea Dónde Pierde,KPIs Operativos Reales,Coste Vs Ingreso Devengado,Pacing Presupuestario,Para Agencias 10-50,Deja De Vender Horas,CFO Friendly Dashboard,Early Adopter 50% Vida,Calcula rentabilidad por proyecto con coste operativo y margen en tiempo real.,Informes de rentabilidad pensados para agencias — no ERP ni facturación fiscal.,Detecta proyectos en rojo antes de cerrar el mes. Planificador + informes integrados.,Tu equipo ocupado no significa rentable. Taimbox te muestra la diferencia.,rentabilidad,proyectos,Enabled
TBX | Search | Conquista Competidores | LATAM,Alternativa Harvest,https://taimbox.com/planificador-recursos?utm_source=google&utm_medium=cpc&utm_campaign=competidores&utm_content=harvest,Alternativa A Harvest,Taimbox Para Agencias,Más Que Time Tracking,Planificador + Rentabilidad,Prueba Gratis Sin Tarjeta,Diseñado Para Agencias,Capacidad Semanal Visual,No Solo Facturar Horas,Margen Por Proyecto,Early Adopter 50% Vida,Migración Sencilla,Ideal 10-50 Personas,Operaciones + Finanzas,Mejor Para Delivery,¿Cansado de Harvest? Taimbox une planificación de recursos rentabilidad y control de horas para agencias.,No sustituye tu CRM: complementa la operativa con planificador semanal e informes de margen.,Pensado para COOs y fundadores que necesitan ver capacidad y rentabilidad juntos.,Prueba gratis y compara en tu próximo sprint de planificación.,vs,harvest,Enabled
TBX | Search | Conquista Competidores | LATAM,Alternativa Toggl,https://taimbox.com/planificador-recursos?utm_source=google&utm_medium=cpc&utm_campaign=competidores&utm_content=toggl,Alternativa A Toggl,Taimbox Para Agencias,Timer + Planificador,No Solo Contar Horas,Rentabilidad Integrada,Prueba Gratis Sin Tarjeta,Para Equipos De Agencia,Capacidad Semanal,Informes De Margen,Early Adopter 50% Vida,Vista Mi Día + Planner,10-50 Personas,Operativa Sin Caos,Hecho Para Delivery,Toggl cuenta horas. Taimbox las conecta a capacidad rentabilidad y deadlines de agencia.,Planificador semanal cronómetro por tarea e informes financieros en una plataforma.,Deja el Excel y el timer suelto. Un sistema operativo para tu agencia.,Compara en tu próxima weekly. Sin tarjeta para empezar.,vs,toggl,Enabled
TBX | Search | Conquista Competidores | LATAM,Alternativa Float,https://taimbox.com/planificador-recursos?utm_source=google&utm_medium=cpc&utm_campaign=competidores&utm_content=float,Alternativa A Float,Planificador De Recursos,Taimbox Para Agencias,Capacidad + Rentabilidad,Prueba Gratis Sin Tarjeta,Float Planifica Horas,Taimbox Añade Margen,Control Financiero Real,Early Adopter 50% Vida,Weekly Review Integrado,Monitor PPC Opcional,10-50 En Agencia,Operaciones Visuales,Para COOs Exigentes,¿Buscas alternativa a Float? Planificación de recursos con rentabilidad por proyecto incluida.,Vista semanal del equipo + cronómetro + informes de margen. Todo conectado.,El planificador que entiende la economía de tu agencia no solo el calendario.,Empieza gratis y valida con tu equipo de delivery esta semana.,vs,float,Enabled
TBX | Search | Conquista Competidores | LATAM,Alternativa Clockify,https://taimbox.com/planificador-recursos?utm_source=google&utm_medium=cpc&utm_campaign=competidores&utm_content=clockify,Alternativa A Clockify,Taimbox Para Agencias,Más Allá Del Timesheet,Planificador + Margen,Prueba Gratis Sin Tarjeta,Para Agencias B2B,Capacidad Semanal,Informes Rentabilidad,Early Adopter 50% Vida,No Es Freemium Limitado,10-50 Personas,Control Operativo,Integraciones Ads,Hecho En España,Clockify registra tiempo. Taimbox planifica capacidad y calcula rentabilidad por proyecto.,Diseñado para agencias que necesitan operaciones y finanzas en el mismo sitio.,Prueba el planificador semanal con tu equipo real. Sin tarjeta.,Complementa tu stack: no CRM no ERP. Sistema operativo de agencia.,vs,clockify,Enabled
TBX | Search | Lead Magnet Excel | LATAM,Plantilla Excel recursos,https://taimbox.com/blog/plantilla-planificacion-recursos-agencia?utm_source=google&utm_medium=cpc&utm_campaign=lead-magnet&utm_content=plantilla-excel,Plantilla Excel Gratis,Planificación De Recursos,Para Agencias De Servicios,Descarga Inmediata,Taimbox — Plantilla 2026,Excel + Guía Incluida,Capacidad Semanal,Evita Errores De Excel,Pasa A Software Después,Hecho Para Equipos,Formato Listo Para Usar,Planifica Sin Caos,Complemento A Tu CRM,Mejora Tu Weekly,Descarga la plantilla Excel de planificación de recursos para agencias. Gratis con guía de uso.,Organiza capacidad por persona y proyecto. Ideal si aún planificas en hojas de cálculo.,Cuando el Excel se quede corto Taimbox automatiza planificación horas y rentabilidad.,Empieza con la plantilla. Escala con prueba gratis de Taimbox.,plantilla,excel,Enabled
TBX | Search | Lead Magnet Excel | LATAM,PDF gestión proyectos,https://taimbox.com/blog/plantilla-planificacion-recursos-agencia?utm_source=google&utm_medium=cpc&utm_campaign=lead-magnet&utm_content=pdf-proyectos,Plantilla Planificación PDF,Recursos Para Agencias,Descarga Gratis Taimbox,Excel De Planificación,Guía + Plantilla 2026,Gestión Proyectos Agencia,Capacidad De Equipo,Formato Profesional,Empieza Hoy Mismo,Sustituye PDFs Estáticos,Pasa A Automatización,Para PMs De Agencia,Weekly Más Claro,Operaciones Sin Caos,Descarga plantilla y guía para planificar recursos en agencias. Mejor que un PDF genérico.,Incluye Excel editable para capacidad semanal por empleado y proyecto.,El PDF está bien para empezar. Taimbox lo hace automático con rentabilidad incluida.,Deja tu email y descarga. Sin compromiso.,plantilla,pdf,Enabled
TBX | Search | Rentabilidad BOFU | LATAM,Rentabilidad agencia,https://taimbox.com/reportes-rentabilidad?utm_source=google&utm_medium=cpc&utm_campaign=rentabilidad&utm_content=informes,Rentabilidad De Agencia,KPIs Para Fundadores,Taimbox Informes,Margen Por Cliente,Prueba Gratis Sin Tarjeta,No Es Contabilidad,Panel En Tiempo Real,Coste Operativo Real,Pacing Presupuestario,Para Agencias Marketing,10-50 Personas,Early Adopter 50% Vida,Deja De Adivinar,CFO Dashboard,Equipo Ocupado ≠ Rentable,Mide rentabilidad por proyecto y cliente con informes pensados para agencias de servicios.,Ingreso devengado coste operativo margen y pacing en un panel claro.,El sistema operativo financiero que tu CRM no incluye.,Empieza gratis. Ve dónde pierdes margen esta semana.,rentabilidad,agencia,Enabled
TBX | Search | Rentabilidad BOFU | LATAM,Pérdida rentabilidad,https://taimbox.com/blog/por-que-tu-agencia-pierde-rentabilidad-equipo-ocupado?utm_source=google&utm_medium=cpc&utm_campaign=rentabilidad&utm_content=blog-perdida,Agencia Sin Rentabilidad,Over-Servicing Agencia,Horas No Facturadas,Taimbox Te Muestra Por Qué,Equipo Ocupado No Basta,Artículo + Solución,Prueba Gratis Después,Control De Capacidad,Informes De Margen,Para CEOs De Agencia,Detecta Fugas De Margen,Planificador Integrado,Operaciones + Finanzas,Early Adopter 50% Vida,¿Tu agencia pierde rentabilidad con el equipo al 100%? Lee la guía y conoce Taimbox.,Over-servicing deadlines imposibles y horas no facturadas — causas y cómo medirlas.,Taimbox conecta capacidad horas reales y margen por proyecto en tiempo real.,Lee la guía. Luego prueba el planificador gratis.,rentabilidad,guia,Enabled
TBX | Search | Monitor PPC | LATAM,Control presupuesto PPC,https://taimbox.com/monitor-ppc?utm_source=google&utm_medium=cpc&utm_campaign=monitor-ppc&utm_content=presupuesto,Monitor PPC Multi-Cliente,Control Presupuesto Ads,Dashboard Google + Meta,Taimbox Business,Para Agencias PPC,Alertas De Desviación,Prueba Gratis Sin Tarjeta,Gestión Presupuestos Ads,ROI Por Cliente,Vista Unificada,No Reemplaza Ads Manager,Complemento Operativo,Plan Business Taimbox,Integración Nativa,Monitoriza presupuestos Google Ads y Meta de todos tus clientes desde Taimbox.,Alertas de desviación pacing y rendimiento sin saltar entre cuentas.,Pensado para agencias que gestionan paid media y operaciones internas.,Plan Business con Monitor PPC. Solicita demo o prueba gratis.,monitor,ppc,Enabled
